{
  "connectorName": "gcs",
  "operationName": "getObject",
  "title": "Get An Object",
  "help": "",
  "elements": [
    {
      "type": "attribute",
      "value": {
        "name": "projectId",
        "displayName": "Project Id",
        "inputType": "stringOrExpression",
        "required": "true",
        "helpTip": "The id of Google Cloud project.",
        "validation": "nameWithoutSpecialCharactors"
      }
    },
    {
      "type": "attribute",
      "value": {
        "name": "bucket",
        "displayName": "Bucket",
        "inputType": "stringOrExpression",
        "required": "true",
        "helpTip": "The name of the bucket. This doesn't include the sub-directory directory.",
        "validation": "nameWithoutSpecialCharactors"
      }
    },
    {
      "type": "attribute",
      "value": {
        "name": "objectKey",
        "displayName": "Object Key",
        "inputType": "stringOrExpression",
        "required": "true",
        "helpTip": "The absolute path to the object. This does not include the bucket prefix.",
        "validation": "nameWithoutSpecialCharactors"
      }
    },
    {
      "type": "attribute",
      "value": {
        "name": "contentType",
        "displayName": "Content Type",
        "inputType": "stringOrExpression",
        "required": "false",
        "helpTip": "The content type of the object.",
        "validation": "nameWithoutSpecialCharactors"
      }
    },
    {
      "type": "attribute",
      "value": {
        "name": "contentPropertyName",
        "displayName": "Content Property Name",
        "inputType": "stringOrExpression",
        "required": "false",
        "helpTip": "Name of the property used to store the object content. If not specified, the content will be stored in the body.",
        "validation": "nameWithoutSpecialCharactors"
      }
    }
  ]
}